{"max_iterations": 30, "regressor_type": "ExtraTreesRegressor", "steps": [{"step": 0, "perf_disc": [-5041.180005001402, 86.47866487446693], "n_episodes": 2, "perf_avg": [-16.33326221508335, 0.5068547671017377]}, {"step": 1, "perf_disc": [-4795.428041980768, 90.62691017357234], "n_episodes": 4, "perf_avg": [-15.739752841555514, 0.5734419359317436]}, {"step": 2, "n_episodes": 6}], "policy": "EpsilonGreedy", "batch_size": 2, "algorithm": "FQI"}